loss,compile_metrics
1.6660772562026978,0.7621951103210449
1.124442458152771,0.32926830649375916
1.748159646987915,0.09756097197532654
0.5839294791221619,0.7682926654815674
